cell,cell_type,batch,n_counts,percent_mito
CELL_000000,T_cell,batch3,6850,0.016688900183816035
CELL_000001,T_cell,batch1,2440,0.012127223452159917
CELL_000002,B_cell,batch1,3836,0.027254314507431012
CELL_000003,T_cell,batch2,7117,0.04757265580543915
CELL_000004,NK_cell,batch3,8310,0.05459759023348583
CELL_000005,B_cell,batch1,6938,0.03122116387940686
CELL_000006,NK_cell,batch2,5588,0.10081253764811708
CELL_000007,B_cell,batch1,3508,0.1153684399189176
CELL_000008,B_cell,batch3,4756,0.037625838544492335
CELL_000009,Monocyte,batch1,2515,0.04828980460343473
CELL_000010,Monocyte,batch2,4613,0.02897279846959515
CELL_000011,T_cell,batch2,1443,0.043006394656524574
CELL_000012,T_cell,batch2,1951,0.09593022873825147
CELL_000013,T_cell,batch2,3116,0.12836761064478994
CELL_000014,B_cell,batch2,9966,0.014122091202314084
CELL_000015,T_cell,batch3,5700,0.14543102471671882
CELL_000016,T_cell,batch2,9875,0.1399604604322013
CELL_000017,B_cell,batch1,9330,0.0870683493617722
CELL_000018,T_cell,batch1,6630,0.07074362183050031
CELL_000019,T_cell,batch3,5101,0.0926893379071183
CELL_000020,NK_cell,batch1,1895,0.03295922091196662
CELL_000021,B_cell,batch1,9046,0.042991571984216014
CELL_000022,B_cell,batch3,1781,0.10256800362510712
CELL_000023,Monocyte,batch2,9114,0.0975999913322473
CELL_000024,B_cell,batch2,1577,0.11379134255441462
CELL_000025,T_cell,batch2,2488,0.13879146946119808
CELL_000026,T_cell,batch3,3956,0.021890326868756464
CELL_000027,T_cell,batch1,9705,0.11776964070168723
CELL_000028,Monocyte,batch3,1849,0.02030275541609796
CELL_000029,Monocyte,batch2,1956,0.08378150675753146
CELL_000030,B_cell,batch2,3752,0.10919290299040381
CELL_000031,NK_cell,batch2,6667,0.047242986283029455
CELL_000032,Monocyte,batch2,2199,0.08577247909057925
CELL_000033,Monocyte,batch1,1217,0.05857456365062433
CELL_000034,NK_cell,batch1,5687,0.12354509191089616
CELL_000035,B_cell,batch1,6701,0.07070990717664578
CELL_000036,T_cell,batch1,2489,0.09261976987006597
CELL_000037,T_cell,batch1,5111,0.0669208750436123
CELL_000038,Monocyte,batch3,9702,0.06539309243227703
CELL_000039,T_cell,batch1,2185,0.05000664734028746
CELL_000040,T_cell,batch3,8287,0.14056308457286143
CELL_000041,Monocyte,batch2,9094,0.1356547480059582
CELL_000042,B_cell,batch2,4001,0.0564653592774073
CELL_000043,B_cell,batch3,3439,0.10504967507681302
CELL_000044,B_cell,batch3,4844,0.11225785056343403
CELL_000045,T_cell,batch2,6495,0.10123605326233966
CELL_000046,B_cell,batch3,5120,0.08297475298690153
CELL_000047,T_cell,batch2,1599,0.01229964772290342
CELL_000048,T_cell,batch2,1965,0.02099284392753936
CELL_000049,T_cell,batch1,8867,0.1288211247140308
CELL_000050,B_cell,batch2,4460,0.11293611540590177
CELL_000051,NK_cell,batch1,9742,0.07092851622782738
CELL_000052,T_cell,batch2,1287,0.1494698645371896
CELL_000053,Monocyte,batch1,3205,0.014526223016084791
CELL_000054,T_cell,batch1,4186,0.010608107022782198
CELL_000055,B_cell,batch1,9365,0.09937298096667241
CELL_000056,B_cell,batch3,7303,0.07124802493459328
CELL_000057,NK_cell,batch1,6440,0.061162561717311575
CELL_000058,NK_cell,batch2,5428,0.08730758625225257
CELL_000059,Monocyte,batch1,4158,0.05404955363893676
CELL_000060,T_cell,batch1,6991,0.026035725239162456
CELL_000061,B_cell,batch1,2401,0.08995219628606044
CELL_000062,T_cell,batch2,6076,0.03493157962270118
CELL_000063,B_cell,batch2,8521,0.13304314011543647
CELL_000064,B_cell,batch1,1650,0.11539087232165943
CELL_000065,Monocyte,batch1,7194,0.06280445725427657
CELL_000066,NK_cell,batch3,7539,0.10006083475511511
CELL_000067,T_cell,batch1,8126,0.07781846750269254
CELL_000068,B_cell,batch1,5374,0.013554413575790616
CELL_000069,T_cell,batch3,4051,0.04283376464741629
CELL_000070,T_cell,batch2,7458,0.03812664693102138
CELL_000071,Monocyte,batch3,7450,0.1390531003930688
CELL_000072,NK_cell,batch2,5508,0.13435881560611354
CELL_000073,Monocyte,batch3,3358,0.08642381922349479
CELL_000074,B_cell,batch3,4562,0.10129528047424348
CELL_000075,B_cell,batch2,1605,0.08331730915536578
CELL_000076,T_cell,batch3,7519,0.05768868141760039
CELL_000077,B_cell,batch2,8488,0.11798290229482447
CELL_000078,NK_cell,batch1,9185,0.11208516645499937
CELL_000079,T_cell,batch1,4947,0.07409388157286356
CELL_000080,T_cell,batch1,5263,0.047620150277737215
CELL_000081,B_cell,batch2,7830,0.07866043992329484
CELL_000082,B_cell,batch3,5995,0.1296710435014406
CELL_000083,T_cell,batch1,5619,0.056118752697037755
CELL_000084,T_cell,batch2,7345,0.11987106011705492
CELL_000085,NK_cell,batch1,2132,0.136351886031277
CELL_000086,B_cell,batch1,3470,0.052511255577482006
CELL_000087,T_cell,batch3,8921,0.14911132374191904
CELL_000088,Monocyte,batch3,3555,0.057507173919923264
CELL_000089,B_cell,batch1,8486,0.13427940930317192
CELL_000090,NK_cell,batch2,2352,0.03192822584548325
CELL_000091,Monocyte,batch2,3129,0.09417796245477711
CELL_000092,Monocyte,batch1,6444,0.05632136912255382
CELL_000093,B_cell,batch3,1730,0.052983151456951476
CELL_000094,T_cell,batch1,9310,0.13718056480356816
CELL_000095,Monocyte,batch3,2502,0.14136490147077635
CELL_000096,Monocyte,batch3,7354,0.022943969264951264
CELL_000097,T_cell,batch1,4489,0.13228712184540573
CELL_000098,B_cell,batch2,5326,0.08676230201637088
CELL_000099,T_cell,batch3,3603,0.08294305713022103
CELL_000100,T_cell,batch1,1224,0.027902096258449083
CELL_000101,T_cell,batch1,3283,0.13282747194706082
CELL_000102,Monocyte,batch1,3424,0.045105430515951575
CELL_000103,Monocyte,batch2,6115,0.07342605594965883
CELL_000104,T_cell,batch1,4598,0.015044440014493291
CELL_000105,B_cell,batch1,4718,0.0983678695065079
CELL_000106,B_cell,batch1,6691,0.06927666258307094
CELL_000107,B_cell,batch3,8179,0.0210194697376844
CELL_000108,B_cell,batch3,2519,0.11432046565513401
CELL_000109,Monocyte,batch3,5087,0.12064798308899069
CELL_000110,Monocyte,batch3,9896,0.1467144279987894
CELL_000111,B_cell,batch3,4061,0.09298858944497239
CELL_000112,Monocyte,batch1,2842,0.12494729139468934
CELL_000113,T_cell,batch1,5048,0.02362120105517765
CELL_000114,NK_cell,batch1,5690,0.09227409681887433
CELL_000115,B_cell,batch1,6051,0.11844680883032264
CELL_000116,T_cell,batch2,2358,0.05857952831813485
CELL_000117,T_cell,batch3,3649,0.10901943058379587
CELL_000118,Monocyte,batch3,6375,0.020542771242254277
CELL_000119,B_cell,batch2,1337,0.14927631335703115
CELL_000120,B_cell,batch2,1649,0.054833350476676444
CELL_000121,T_cell,batch2,5022,0.11660935458301318
CELL_000122,B_cell,batch3,1936,0.09074823359422374
CELL_000123,B_cell,batch2,4527,0.08085098602137901
CELL_000124,B_cell,batch3,2079,0.0793053675601517
CELL_000125,T_cell,batch2,1414,0.029705359377167225
CELL_000126,T_cell,batch2,2990,0.06505853213093167
CELL_000127,B_cell,batch2,4771,0.05779370926134085
CELL_000128,T_cell,batch1,7834,0.04199143669040407
CELL_000129,T_cell,batch1,9904,0.14512021531528155
CELL_000130,T_cell,batch1,3637,0.12090138632952442
CELL_000131,NK_cell,batch2,7754,0.10848836427903356
CELL_000132,T_cell,batch2,5161,0.0862253088082055
CELL_000133,T_cell,batch3,8664,0.09339849021202747
CELL_000134,T_cell,batch3,8159,0.11596468281024808
CELL_000135,T_cell,batch3,6535,0.05700436970666962
CELL_000136,T_cell,batch2,6558,0.05676590228026543
CELL_000137,Monocyte,batch1,4090,0.015277719717205263
CELL_000138,B_cell,batch2,5506,0.050841807305322895
CELL_000139,T_cell,batch3,3064,0.026468474747736077
CELL_000140,NK_cell,batch2,9614,0.0362212351151154
CELL_000141,B_cell,batch3,7042,0.020978584125337558
CELL_000142,Monocyte,batch3,8800,0.14112861546577926
CELL_000143,T_cell,batch3,6410,0.063517264522247
CELL_000144,B_cell,batch2,3085,0.10882552647212414
CELL_000145,T_cell,batch2,8772,0.13804223222362944
CELL_000146,NK_cell,batch1,5801,0.12771248744931435
CELL_000147,B_cell,batch3,3341,0.05776825681838603
CELL_000148,T_cell,batch3,3378,0.10831217276683057
CELL_000149,Monocyte,batch2,7085,0.05937504508895379
CELL_000150,T_cell,batch2,4450,0.1307553957672455
CELL_000151,T_cell,batch1,1175,0.08193849920319714
CELL_000152,T_cell,batch2,9679,0.11588040581903404
CELL_000153,T_cell,batch2,4879,0.0322307627512778
CELL_000154,T_cell,batch2,1009,0.10543965802173119
CELL_000155,B_cell,batch3,5033,0.1276399632027941
CELL_000156,NK_cell,batch3,1928,0.10076492671615817
CELL_000157,T_cell,batch3,8175,0.08323811422849843
CELL_000158,T_cell,batch1,6276,0.12039418502759296
CELL_000159,T_cell,batch2,2007,0.14204951723066653
CELL_000160,Monocyte,batch1,8793,0.025937752477413038
CELL_000161,B_cell,batch2,3111,0.12487212789482421
CELL_000162,B_cell,batch1,3164,0.09554336111195046
CELL_000163,B_cell,batch2,6149,0.06898322194366431
CELL_000164,NK_cell,batch1,9300,0.01028039689277728
CELL_000165,T_cell,batch3,7261,0.11755806304571241
CELL_000166,T_cell,batch1,7199,0.06911032492764879
CELL_000167,Monocyte,batch3,7078,0.12382300557847929
CELL_000168,T_cell,batch3,5196,0.09624705691521528
CELL_000169,B_cell,batch1,5439,0.08280563458453835
CELL_000170,T_cell,batch1,3881,0.09715186734110999
CELL_000171,T_cell,batch2,1174,0.012874596898039471
CELL_000172,B_cell,batch2,5835,0.1379561406984497
CELL_000173,T_cell,batch2,8753,0.09355623417081514
CELL_000174,T_cell,batch3,9438,0.040211339993576574
CELL_000175,NK_cell,batch3,8269,0.05147286406232634
CELL_000176,B_cell,batch1,8932,0.035077817519336384
CELL_000177,T_cell,batch2,6798,0.037875651978420646
CELL_000178,T_cell,batch1,3422,0.04869676898322767
CELL_000179,Monocyte,batch1,9235,0.061915421212417776
CELL_000180,B_cell,batch1,7486,0.08895481276032263
CELL_000181,Monocyte,batch3,7430,0.049953985660584926
CELL_000182,T_cell,batch1,3306,0.1300923417164443
CELL_000183,B_cell,batch1,6778,0.0614611169499877
CELL_000184,T_cell,batch3,2368,0.09270316105006517
CELL_000185,Monocyte,batch2,2844,0.018251283557992187
CELL_000186,NK_cell,batch2,3227,0.07381376456677882
CELL_000187,NK_cell,batch2,4266,0.02962941589073541
CELL_000188,T_cell,batch2,8157,0.032514386492902746
CELL_000189,T_cell,batch1,2172,0.09489877016393095
CELL_000190,T_cell,batch1,1152,0.09843592221056127
CELL_000191,NK_cell,batch1,6494,0.07246735447904534
CELL_000192,T_cell,batch3,2512,0.028952986464613594
CELL_000193,NK_cell,batch2,6851,0.09287624217901065
CELL_000194,T_cell,batch3,9349,0.08261370127339512
CELL_000195,T_cell,batch1,7687,0.07753692842098124
CELL_000196,Monocyte,batch2,4968,0.024229962979788976
CELL_000197,B_cell,batch2,2689,0.06731328358434122
CELL_000198,B_cell,batch3,2033,0.06754316460109101
CELL_000199,Monocyte,batch1,5445,0.13489941388899915
CELL_000200,T_cell,batch3,1335,0.016324653252256714
CELL_000201,T_cell,batch3,5113,0.09605584942685373
CELL_000202,B_cell,batch1,6260,0.07793276872148186
CELL_000203,Monocyte,batch2,8174,0.05569083187726605
CELL_000204,B_cell,batch3,9497,0.04434738214965201
CELL_000205,B_cell,batch3,3321,0.075075283957599
CELL_000206,NK_cell,batch2,5234,0.01148701256857821
CELL_000207,Monocyte,batch2,2513,0.13181954631929915
CELL_000208,B_cell,batch1,1040,0.010261676781696646
CELL_000209,NK_cell,batch3,3089,0.01618483564178169
CELL_000210,T_cell,batch2,1214,0.04140811589989067
CELL_000211,B_cell,batch2,7301,0.030754535249243216
CELL_000212,T_cell,batch3,7957,0.11895956369996864
CELL_000213,T_cell,batch2,6372,0.013581500517843808
CELL_000214,Monocyte,batch2,7815,0.13384801356928513
CELL_000215,B_cell,batch1,2903,0.1004351062161817
CELL_000216,B_cell,batch1,4077,0.02963931647748333
CELL_000217,Monocyte,batch1,6913,0.04811428220319872
CELL_000218,T_cell,batch2,7965,0.017010971669173123
CELL_000219,B_cell,batch2,3775,0.08806964663532081
CELL_000220,B_cell,batch1,3550,0.09161062791639668
CELL_000221,T_cell,batch3,8160,0.055005639663332884
CELL_000222,T_cell,batch2,1210,0.04864229907185843
CELL_000223,NK_cell,batch1,8338,0.14817656354983816
CELL_000224,NK_cell,batch3,2999,0.03996351561032095
CELL_000225,T_cell,batch2,6294,0.13116967859150785
CELL_000226,T_cell,batch1,9703,0.10580119233776826
CELL_000227,B_cell,batch3,1088,0.042017784072844726
CELL_000228,Monocyte,batch1,7355,0.117386272894912
CELL_000229,T_cell,batch2,8263,0.05064006489950336
CELL_000230,B_cell,batch1,8131,0.14360139592217613
CELL_000231,T_cell,batch1,8976,0.030862055075115385
CELL_000232,B_cell,batch3,4672,0.010223228600633336
CELL_000233,T_cell,batch1,1224,0.0701720707010009
CELL_000234,T_cell,batch2,7029,0.10937855630295837
CELL_000235,NK_cell,batch3,4171,0.04546138810467446
CELL_000236,T_cell,batch2,9950,0.13671295546269205
CELL_000237,Monocyte,batch2,4544,0.10614569335003424
CELL_000238,T_cell,batch3,7856,0.11335661507658594
CELL_000239,Monocyte,batch2,6269,0.11192606660373279
CELL_000240,T_cell,batch2,6758,0.07204435399220929
CELL_000241,B_cell,batch1,2035,0.04425662116736817
CELL_000242,Monocyte,batch1,7065,0.0376150601839156
CELL_000243,B_cell,batch1,7430,0.0380059870362492
CELL_000244,B_cell,batch2,3845,0.04865608272786677
CELL_000245,T_cell,batch2,9829,0.041316470979037366
CELL_000246,T_cell,batch1,5668,0.12525764822546345
CELL_000247,NK_cell,batch1,1557,0.0694780328082255
CELL_000248,NK_cell,batch2,5778,0.07340549503410414
CELL_000249,Monocyte,batch2,6196,0.07702630047144167
CELL_000250,T_cell,batch3,9138,0.13484128822961863
CELL_000251,Monocyte,batch3,5417,0.1424464261486654
CELL_000252,Monocyte,batch3,1217,0.023541610113851457
CELL_000253,Monocyte,batch2,2982,0.09206779613386763
CELL_000254,T_cell,batch2,8541,0.04613536754138818
CELL_000255,NK_cell,batch2,9630,0.11843287115919283
CELL_000256,B_cell,batch1,9569,0.12352449016969244
CELL_000257,B_cell,batch2,8540,0.08732421762053513
CELL_000258,T_cell,batch3,5606,0.025580725722351212
CELL_000259,Monocyte,batch1,1575,0.06911948947751581
CELL_000260,Monocyte,batch2,5876,0.022425025346433154
CELL_000261,T_cell,batch2,8430,0.08764499693858668
CELL_000262,NK_cell,batch2,9365,0.022608427514351603
CELL_000263,B_cell,batch2,6995,0.12468975831135112
CELL_000264,Monocyte,batch1,9447,0.11242351073486877
CELL_000265,B_cell,batch2,7266,0.014055656044283589
CELL_000266,NK_cell,batch1,8674,0.09828564350362434
CELL_000267,T_cell,batch3,1436,0.06392934487262972
CELL_000268,B_cell,batch2,5942,0.11267480672397741
CELL_000269,T_cell,batch3,3161,0.010284443785908776
CELL_000270,B_cell,batch1,2106,0.10774224545160144
CELL_000271,T_cell,batch2,9333,0.08248101935903487
CELL_000272,Monocyte,batch2,2373,0.04052422346666876
CELL_000273,T_cell,batch1,8520,0.09620686552703375
CELL_000274,B_cell,batch3,6366,0.11089482801106647
CELL_000275,T_cell,batch2,7919,0.06579035782583312
CELL_000276,T_cell,batch1,7713,0.052655946316756914
CELL_000277,T_cell,batch1,9006,0.046382537596851715
CELL_000278,T_cell,batch1,2039,0.06361910816713072
CELL_000279,T_cell,batch1,5675,0.03839246904942858
CELL_000280,T_cell,batch3,1964,0.04111958031854663
CELL_000281,B_cell,batch1,8762,0.11190430535082847
CELL_000282,B_cell,batch2,7605,0.12886837296378442
CELL_000283,T_cell,batch2,7334,0.09129360704490494
CELL_000284,T_cell,batch1,1278,0.09481038875795698
CELL_000285,B_cell,batch1,1300,0.030632060633611017
CELL_000286,T_cell,batch3,6339,0.08282758722549491
CELL_000287,T_cell,batch3,9706,0.04430832196771524
CELL_000288,B_cell,batch2,2547,0.032302141289791766
CELL_000289,Monocyte,batch3,8878,0.06669092657986876
CELL_000290,T_cell,batch3,3005,0.12381485042634897
CELL_000291,B_cell,batch3,7413,0.10683139335738269
CELL_000292,B_cell,batch3,9206,0.09124423575111545
CELL_000293,B_cell,batch2,8265,0.03135287509520513
CELL_000294,Monocyte,batch1,3058,0.015273289035737176
CELL_000295,NK_cell,batch2,9319,0.07750020401639436
CELL_000296,B_cell,batch1,7609,0.03455550323793249
CELL_000297,NK_cell,batch2,7326,0.13337261980639026
CELL_000298,T_cell,batch1,9274,0.12008173235148409
CELL_000299,T_cell,batch2,5673,0.13406627252828796
CELL_000300,T_cell,batch2,5989,0.06969880557663537
CELL_000301,T_cell,batch3,5885,0.13509865686033212
CELL_000302,T_cell,batch2,9038,0.10462974688940511
CELL_000303,T_cell,batch1,3675,0.03905790264568169
CELL_000304,T_cell,batch1,1095,0.026700567827507137
CELL_000305,B_cell,batch1,8883,0.14738026244202693
CELL_000306,Monocyte,batch2,5984,0.10693805951886372
CELL_000307,T_cell,batch2,1806,0.07824408339428293
CELL_000308,T_cell,batch2,2300,0.11136070946072096
CELL_000309,Monocyte,batch1,1294,0.05273320825014982
CELL_000310,B_cell,batch2,1582,0.12511694743812957
CELL_000311,B_cell,batch3,7102,0.08190318038841744
CELL_000312,B_cell,batch2,5720,0.03873373699813672
CELL_000313,B_cell,batch3,9694,0.022548678998577494
CELL_000314,T_cell,batch3,5471,0.07853699353881721
CELL_000315,T_cell,batch3,3650,0.02412134751139479
CELL_000316,T_cell,batch3,4137,0.07156402588866262
CELL_000317,Monocyte,batch2,7103,0.04003092866181413
CELL_000318,T_cell,batch2,2754,0.055974566554528225
CELL_000319,T_cell,batch3,5668,0.09461510795916035
CELL_000320,B_cell,batch2,6173,0.09751324079911045
CELL_000321,Monocyte,batch3,2603,0.04601716942926418
CELL_000322,B_cell,batch2,6354,0.028446151190769937
CELL_000323,Monocyte,batch2,1580,0.11692295683479446
CELL_000324,T_cell,batch2,8124,0.09444315635548138
CELL_000325,T_cell,batch1,3770,0.1150800074541317
CELL_000326,T_cell,batch1,9208,0.11085655899562394
CELL_000327,T_cell,batch1,8053,0.01846003485859672
CELL_000328,B_cell,batch2,9254,0.06833385945031918
CELL_000329,T_cell,batch3,6811,0.11260357230257072
CELL_000330,B_cell,batch2,2345,0.08148543519597418
CELL_000331,T_cell,batch1,2707,0.04463858325550946
CELL_000332,T_cell,batch1,6978,0.08461803468289009
CELL_000333,NK_cell,batch2,2645,0.1225785991436975
CELL_000334,B_cell,batch3,2329,0.032102530243889676
CELL_000335,B_cell,batch1,9034,0.11790882575220044
CELL_000336,T_cell,batch2,7649,0.021805483807544584
CELL_000337,T_cell,batch2,6150,0.08395267795596484
CELL_000338,T_cell,batch2,8188,0.07046244921815135
CELL_000339,NK_cell,batch2,4751,0.08522129196119185
CELL_000340,T_cell,batch3,5301,0.03487720547198346
CELL_000341,T_cell,batch3,4574,0.10323284541379034
CELL_000342,T_cell,batch1,9309,0.04336856321557794
CELL_000343,T_cell,batch3,1837,0.12005072695916948
CELL_000344,T_cell,batch3,4430,0.12184890592813055
CELL_000345,T_cell,batch1,9021,0.08681762318820156
CELL_000346,Monocyte,batch3,4950,0.014579849464068213
CELL_000347,Monocyte,batch3,6786,0.026703065835306
CELL_000348,B_cell,batch3,6368,0.014866384788782227
CELL_000349,B_cell,batch2,7604,0.06964902387377818
CELL_000350,T_cell,batch3,2401,0.11177215227901184
CELL_000351,NK_cell,batch1,5103,0.08038005979967638
CELL_000352,T_cell,batch3,6638,0.05139097946296996
CELL_000353,Monocyte,batch3,5377,0.11873085408273178
CELL_000354,T_cell,batch3,3096,0.04190221267993375
CELL_000355,T_cell,batch2,9978,0.056810130073851245
CELL_000356,B_cell,batch1,9171,0.03280901917077066
CELL_000357,T_cell,batch2,3897,0.05614575305111177
CELL_000358,T_cell,batch2,2391,0.056890935403937026
CELL_000359,Monocyte,batch3,9915,0.10700414089789764
CELL_000360,NK_cell,batch3,2997,0.020130468476198253
CELL_000361,T_cell,batch2,7015,0.09932072900651583
CELL_000362,T_cell,batch3,3477,0.11173208901600042
CELL_000363,Monocyte,batch1,6216,0.025084496235993
CELL_000364,Monocyte,batch2,6459,0.13511399120924927
CELL_000365,T_cell,batch2,8388,0.10252556993552936
CELL_000366,B_cell,batch1,1453,0.06307014688550522
CELL_000367,B_cell,batch3,3559,0.10621984588417036
CELL_000368,NK_cell,batch1,5682,0.06620560099680374
CELL_000369,B_cell,batch2,8252,0.10884053597059935
CELL_000370,B_cell,batch3,2018,0.0954110498972869
CELL_000371,Monocyte,batch1,5754,0.08292999212601199
CELL_000372,NK_cell,batch3,1694,0.013951772446157917
CELL_000373,NK_cell,batch1,5627,0.0714534475489783
CELL_000374,B_cell,batch1,4516,0.06069054419458123
CELL_000375,T_cell,batch3,8337,0.021869588572738328
CELL_000376,T_cell,batch2,5833,0.04327706359705087
CELL_000377,NK_cell,batch1,3863,0.10429635515243783
CELL_000378,T_cell,batch1,1447,0.11805971292047848
CELL_000379,T_cell,batch3,1464,0.02855385966049246
CELL_000380,B_cell,batch1,5683,0.12955123836548832
CELL_000381,T_cell,batch2,5437,0.034676170237526505
CELL_000382,NK_cell,batch1,5090,0.03558628191024627
CELL_000383,T_cell,batch1,6169,0.03833773592149612
CELL_000384,NK_cell,batch1,9204,0.03494096772694244
CELL_000385,Monocyte,batch3,5849,0.14802348509710755
CELL_000386,Monocyte,batch3,1030,0.07568587332406583
CELL_000387,B_cell,batch1,8322,0.02133966874658371
CELL_000388,T_cell,batch3,6934,0.12273783749692842
CELL_000389,Monocyte,batch1,9360,0.014661128684176437
CELL_000390,NK_cell,batch2,1802,0.14235289640987023
CELL_000391,B_cell,batch1,5557,0.05023654834916294
CELL_000392,NK_cell,batch2,8584,0.04795158713879904
CELL_000393,Monocyte,batch3,6412,0.0764910126001356
CELL_000394,B_cell,batch3,1920,0.12813665676191907
CELL_000395,Monocyte,batch1,4704,0.09612948676552407
CELL_000396,Monocyte,batch3,3233,0.06957135521290626
CELL_000397,B_cell,batch3,6088,0.14930619090587802
CELL_000398,T_cell,batch2,2154,0.051548580311803226
CELL_000399,Monocyte,batch2,3415,0.11728450607891376
CELL_000400,T_cell,batch1,2845,0.017976467492886703
CELL_000401,B_cell,batch2,3974,0.14467764220418478
CELL_000402,T_cell,batch2,3607,0.013983914557468115
CELL_000403,Monocyte,batch2,9219,0.11208381601790784
CELL_000404,Monocyte,batch2,9580,0.12139363947073141
CELL_000405,T_cell,batch3,5865,0.14295203972425316
CELL_000406,Monocyte,batch2,6475,0.12031176513475453
CELL_000407,T_cell,batch3,6223,0.0752765523660928
CELL_000408,T_cell,batch2,3009,0.016768719154283768
CELL_000409,T_cell,batch3,1167,0.03525162140259452
CELL_000410,Monocyte,batch1,7505,0.12409210760906263
CELL_000411,B_cell,batch2,1185,0.026244805612618282
CELL_000412,Monocyte,batch2,2675,0.09499230572657844
CELL_000413,NK_cell,batch1,3681,0.10640471482082171
CELL_000414,B_cell,batch2,7439,0.07563409729299138
CELL_000415,Monocyte,batch2,7708,0.03360127270048102
CELL_000416,B_cell,batch1,7818,0.13349761223333478
CELL_000417,B_cell,batch2,9392,0.13897300089203574
CELL_000418,B_cell,batch1,9597,0.11958499610426665
CELL_000419,T_cell,batch2,5527,0.07493147055729263
CELL_000420,T_cell,batch2,2709,0.046233108602381716
CELL_000421,T_cell,batch1,7352,0.02356232402037926
CELL_000422,B_cell,batch1,7911,0.12615512294521622
CELL_000423,B_cell,batch2,2997,0.13253115813792216
CELL_000424,T_cell,batch2,5603,0.14090920668133058
CELL_000425,Monocyte,batch2,2934,0.08646265588243501
CELL_000426,B_cell,batch1,5354,0.07007965199426572
CELL_000427,T_cell,batch3,4712,0.13831351182166268
CELL_000428,NK_cell,batch1,9743,0.018139796289496
CELL_000429,T_cell,batch1,1584,0.040653229589012595
CELL_000430,T_cell,batch1,2576,0.12202784288398068
CELL_000431,Monocyte,batch2,8841,0.01849637175999392
CELL_000432,NK_cell,batch2,6236,0.044676888829558364
CELL_000433,B_cell,batch3,5439,0.1419632772459311
CELL_000434,T_cell,batch1,5048,0.1335278247376797
CELL_000435,B_cell,batch1,2789,0.020985799245998103
CELL_000436,T_cell,batch2,5399,0.07684459059224372
CELL_000437,B_cell,batch2,6142,0.013645389066250542
CELL_000438,B_cell,batch2,3710,0.037850927181469575
CELL_000439,B_cell,batch1,3520,0.03423168196500142
CELL_000440,B_cell,batch2,4178,0.11304820033187493
CELL_000441,T_cell,batch1,8540,0.1418540368708709
CELL_000442,B_cell,batch2,9446,0.08963685086042872
CELL_000443,Monocyte,batch3,9192,0.013226082940814723
CELL_000444,B_cell,batch3,3288,0.12399800349229653
CELL_000445,Monocyte,batch1,2385,0.1226521320436934
CELL_000446,B_cell,batch2,6161,0.13815201242873174
CELL_000447,B_cell,batch3,1609,0.010984453669714778
CELL_000448,Monocyte,batch2,2027,0.09259572739651444
CELL_000449,T_cell,batch1,3881,0.0743880086825438
CELL_000450,NK_cell,batch1,6030,0.052640644901757405
CELL_000451,T_cell,batch2,5838,0.032370639937327944
CELL_000452,B_cell,batch3,3067,0.09893967513535509
CELL_000453,Monocyte,batch1,1296,0.029833641399455733
CELL_000454,T_cell,batch1,5120,0.05570112130092466
CELL_000455,B_cell,batch2,8124,0.025866497428575823
CELL_000456,T_cell,batch1,1275,0.0894670899622773
CELL_000457,Monocyte,batch1,5811,0.06536411478418576
CELL_000458,T_cell,batch1,7544,0.14351065539063187
CELL_000459,NK_cell,batch2,2007,0.04096419213922782
CELL_000460,B_cell,batch1,3624,0.12235303823839812
CELL_000461,B_cell,batch2,6375,0.03581002243712567
CELL_000462,T_cell,batch1,2558,0.09464169928819194
CELL_000463,Monocyte,batch3,9627,0.10188488556790232
CELL_000464,B_cell,batch3,6027,0.10609846597607238
CELL_000465,B_cell,batch1,3538,0.07342161340881823
CELL_000466,Monocyte,batch1,6641,0.13163729007051822
CELL_000467,B_cell,batch2,1687,0.1477560452497561
CELL_000468,B_cell,batch2,6950,0.02398090096739151
CELL_000469,B_cell,batch3,4986,0.07523240419707523
CELL_000470,B_cell,batch3,4349,0.047131759375781096
CELL_000471,NK_cell,batch3,7950,0.10004388053228871
CELL_000472,B_cell,batch3,2918,0.08207385631517593
CELL_000473,T_cell,batch1,7064,0.0298094217028298
CELL_000474,NK_cell,batch2,2202,0.039967870228820965
CELL_000475,NK_cell,batch2,8861,0.07392339533639912
CELL_000476,Monocyte,batch1,4118,0.07988464653866845
CELL_000477,T_cell,batch1,7039,0.13122878020444187
CELL_000478,Monocyte,batch1,3747,0.04132697190844106
CELL_000479,T_cell,batch2,3735,0.059429342663339976
CELL_000480,Monocyte,batch1,3422,0.04716598246379397
CELL_000481,B_cell,batch2,4384,0.10316788710247388
CELL_000482,B_cell,batch3,7911,0.13532013373682858
CELL_000483,T_cell,batch3,7577,0.13823488530817094
CELL_000484,B_cell,batch3,3950,0.013253230735999544
CELL_000485,T_cell,batch2,7250,0.1270385826437123
CELL_000486,B_cell,batch1,4715,0.13507254110535102
CELL_000487,B_cell,batch3,2689,0.032034889492741005
CELL_000488,NK_cell,batch3,7942,0.07228043273493705
CELL_000489,B_cell,batch3,2755,0.07503775053346264
CELL_000490,B_cell,batch1,6973,0.09759374539332656
CELL_000491,NK_cell,batch3,7832,0.1247572042841254
CELL_000492,T_cell,batch1,5523,0.08337770950374164
CELL_000493,B_cell,batch1,9804,0.10255046929442022
CELL_000494,B_cell,batch2,3291,0.0989084594599817
CELL_000495,T_cell,batch2,3046,0.11731494817038965
CELL_000496,T_cell,batch1,8949,0.010315871415768991
CELL_000497,T_cell,batch2,8764,0.06959208116841774
CELL_000498,Monocyte,batch3,8491,0.03511652126814013
CELL_000499,T_cell,batch1,4937,0.11295275114212257
